HGVSc	SYMBOL	Pos_chr	Pos_start	Allele	aliquot_id	TCGA_cases	POLE_som_mut	Som_mut_gene_of_interest	Som_mut_MMR
NM_000179.2:c.1135_1139del	MSH6	chr2	48026251	-	115bc657-cc38-4e9a-9196-7e2acab6f548	TCGA_UCEC_414	"NA"	"NA"	"NA"
NM_000179.2:c.1772del	MSH6	chr2	48026890	-	710120c8-6c68-4cba-99d3-5aea8c69f468	TCGA_UCEC_068	"NA"	"NA"	"NA"
NM_000179.2:c.2565del	MSH6	chr2	48027686	-	2a8cb8fe-b64f-453e-8139-7ede12f3fc51	TCGA_UCEC_382	"NA"	MSH6 ENST00000234420 c.3793G>T p.Gly1265* 44%	MSH6 ENST00000234420 c.3793G>T p.Gly1265* 44%
NM_000179.2:c.3959_3962del	MSH6	chr2	48033745	-	b91ef015-ee09-4caa-9177-519a83c24230	TCGA_UCEC_099	"NA"	MSH6 ENST00000234420 c.1004_1005delAT p.Asn335fs 40%	MSH6 ENST00000234420 c.1004_1005delAT p.Asn335fs 40%
NM_000179.2:c.843_844insAC	MSH6	chr2	48025965	AC	a2f9968e-22a1-4771-a267-92d298c12f4b	TCGA_UCEC_132	"NA"	"NA"	"NA"
NM_000251.2:c.1276+2T>C	MSH2	chr2	47657082	C	7080a741-bc78-454b-81a7-f93e9411c6cf	TCGA_UCEC_506	"NA"	"NA"	MSH6 ENST00000234420 c.8G>C p.Arg3Pro 44%; MSH6 ENST00000234420 c.2419G>A p.Glu807Lys 35%; MSH6 ENST00000234420 c.2957C>T p.Thr986Ile 40%; MLH1 ENST00000231790 c.259T>C p.Ser87Pro 27%
NM_000251.2:c.1511-2A>G	MSH2	chr2	47693795	G	b953c4e5-e489-455a-98e8-a635e95c5d81	TCGA_UCEC_325	"NA"	MSH2 Splice_Site 2:47693948G>T 54%	MSH2 Splice_Site 2:47693948G>T 54%
NM_000314.4:c.518G>A	PTEN	chr10	89711900	A	b9ea346c-6313-4b27-ba7d-46b85ecaddf5	TCGA_UCEC_478	"NA"	"NA"	"NA"
NM_000314.4:c.750_751del	PTEN	chr10	89717719	-	b9ea346c-6313-4b27-ba7d-46b85ecaddf5	TCGA_UCEC_478	"NA"	"NA"	"NA"
NM_000535.6:c.137G>T	PMS2	chr7	6045549	A	b0f1b9bd-9371-41a8-93b6-71e8dda550f5	TCGA_UCEC_469	"NA"	PMS2 ENST00000265849 c.2206G>T p.Glu736* 45%	MSH6 ENST00000234420 c.3935T>C p.Val1312Ala 44%; PMS2 ENST00000265849 c.2206G>T p.Glu736* 45%
NM_000546.5:c.376-2dup	TP53	chr17	7578555	T	ed777919-93d9-483a-a5e8-364f89f19353	TCGA_UCEC_158	ENST00000320574 c.890C>T p.Ser297Phe 21%	TP53 ENST00000445888 c.817C>T p.Arg273Cys 21%; TP53 ENST00000445888 c.718A>G p.Ser240Gly 13%; TP53 ENST00000445888 c.190C>A p.Pro64Thr 23%	MSH6 ENST00000234420 c.533G>A p.Arg178His 22%; MSH6 ENST00000234420 c.1585G>T p.Gly529Cys 22%; MSH6 ENST00000234420 c.3700G>T p.Glu1234* 46%
NM_001128425.1:c.1187G>A	MUTYH	chr1	45797228	T	560c247f-7aba-421e-8fd6-22f8a910c8f9	TCGA_UCEC_491	"NA"	"NA"	"NA"
NM_001128425.1:c.1187G>A	MUTYH	chr1	45797228	T	694952b1-ac9e-4274-9007-301ae55d3c35	TCGA_UCEC_062	"NA"	"NA"	"NA"
NM_001128425.1:c.1187G>A	MUTYH	chr1	45797228	T	c7003b8a-d13b-48df-adfa-2100ed264f8e	TCGA_UCEC_259	"NA"	"NA"	"NA"
NM_001128425.1:c.1187G>A	MUTYH	chr1	45797228	T	ce0bb973-2c1d-40e9-8966-c6259b745942	TCGA_UCEC_300	"NA"	"NA"	"NA"
NM_001128425.1:c.1187G>A	MUTYH	chr1	45797228	T	e6add426-17ca-4a1d-9013-b28532df9172	TCGA_UCEC_288	"NA"	"NA"	"NA"
NM_001128425.1:c.1187G>A	MUTYH	chr1	45797228	T	f54e274d-b979-4d0a-b8be-ab1ae91a3650	TCGA_UCEC_185	"NA"	"NA"	"NA"
NM_001128425.1:c.1437_1439del	MUTYH	chr1	45796891	-	a9cd1596-89b6-46fd-9864-8a62f47d1f8b	TCGA_UCEC_221	"NA"	"NA"	"NA"
NM_001128425.1:c.934-2A>G	MUTYH	chr1	45797760	C	b00c9ebb-b66a-4e09-8b14-9dd75301c2fa	TCGA_UCEC_468	"NA"	"NA"	"NA"
NM_002485.4:c.698_701del	NBN	chr8	90983402	-	df73c2f3-0c35-4aec-82c4-f4ee268636f0	TCGA_UCEC_410	ENST00000320574 c.857C>G p.Pro286Arg 30%	"NA"	MSH2 ENST00000233146 c.1601delG p.Arg534fs 25%
NM_002528.6:c.268C>T	NTHL1	chr16	2096239	A	49f475c3-3f95-45c6-8446-17acfc7f21c7	TCGA_UCEC_045	"NA"	"NA"	MLH1 ENST00000231790 c.514G>A p.Glu172Lys 29%
NM_002528.6:c.268C>T	NTHL1	chr16	2096239	A	8587d094-3f35-44bf-9825-a071044b7b40	TCGA_UCEC_041	ENST00000320574 c.857C>G p.Pro286Arg 37%	"NA"	MSH2 ENST00000233146 c.832G>T p.Glu278* 33%
NM_006363.4:c.649C>T	SEC23B	chr20	18505624	T	b4aa278e-adfe-48e3-8a92-f5057f05f941	TCGA_UCEC_528	"NA"	"NA"	"NA"
NM_007194.3:c.1283C>T	CHEK2	chr22	29091207	A	a693ad84-d47d-4181-a04c-0b25df5e4ba0	TCGA_UCEC_044	"NA"	"NA"	"NA"
NM_007194.3:c.1427C>T	CHEK2	chr22	29090054	A	cac37549-d384-4344-8658-fdfb56dd7524	TCGA_UCEC_160	"NA"	"NA"	"NA"
NM_007194.3:c.470T>C	CHEK2	chr22	29121087	G	7286cf3d-34e0-4c4b-b55d-f9ae8382a71c	TCGA_UCEC_285	"NA"	"NA"	"NA"
NM_007194.3:c.470T>C	CHEK2	chr22	29121087	G	bc0717a0-3c12-4a92-88f3-cbd62fc908bf	TCGA_UCEC_471	ENST00000320574 c.1376C>T p.Ser459Phe 50%	"NA"	"NA"
NM_007294.3:c.3748G>T	BRCA1	chr17	41243800	A	0fbdf4bd-75c6-48dc-b23e-8d056c466056	TCGA_UCEC_310	"NA"	"NA"	"NA"
NM_007294.3:c.4243del	BRCA1	chr17	41234535	-	9411bdaf-e59a-4884-b424-87193e1dfe94	TCGA_UCEC_462	"NA"	"NA"	"NA"
NM_007294.3:c.68_69del	BRCA1	chr17	41276045	-	257387b0-f3a0-4453-a7d8-ec2855239d4c	TCGA_UCEC_459	"NA"	"NA"	"NA"
NM_014967.4:c.*3+1G>A	FAN1	chr15	31229463	A	17a5f8b5-fa9a-41c5-bbd8-1c443e8daa85	TCGA_UCEC_361	"NA"	"NA"	"NA"
NM_014967.4:c.*3+1G>A	FAN1	chr15	31229463	A	2791f44f-ce4c-4893-b074-9eebd761dbaf	TCGA_UCEC_016	"NA"	"NA"	"NA"
NM_014967.4:c.*3+1G>A	FAN1	chr15	31229463	A	65e850b3-9f62-4a4f-94ce-b924103d54ff	TCGA_UCEC_136	"NA"	"NA"	"NA"
NM_014967.4:c.*3+1G>A	FAN1	chr15	31229463	A	6ee9f695-6ebc-49e9-ae59-561c8b6bbeea	TCGA_UCEC_207	"NA"	"NA"	"NA"
NM_014967.4:c.*3+1G>A	FAN1	chr15	31229463	A	74ff4e7e-9b8b-40cb-8d05-bf5c2ac2cdc0	TCGA_UCEC_504	"NA"	"NA"	MSH6 ENST00000234420 c.3083C>T p.Ser1028Leu 32%
NM_014967.4:c.*3+1G>A	FAN1	chr15	31229463	A	83958ee7-16aa-4a09-a5d2-7104dc1d454a	TCGA_UCEC_277	"NA"	"NA"	"NA"
NM_014967.4:c.*3+1G>A	FAN1	chr15	31229463	A	b89d250f-5d92-414e-9859-5611ade30949	TCGA_UCEC_043	ENST00000320574 c.857C>G p.Pro286Arg 40%	FAN1 ENST00000362065 c.1324G>T p.Asp442Tyr 38%	MSH6 ENST00000234420 c.829G>T p.Glu277* 46%
NM_014967.4:c.*3+1G>A	FAN1	chr15	31229463	A	bac2cf85-be6d-4d68-91bf-83daab5ea3a6	TCGA_UCEC_426	"NA"	"NA"	PMS2 ENST00000265849 c.2105C>A p.Ala702Asp 47%
NM_014967.4:c.*3+1G>A	FAN1	chr15	31229463	A	c3c2704a-4d2a-4ee6-b69f-435d01d62809	TCGA_UCEC_343	"NA"	"NA"	"NA"
NM_014967.4:c.1811+1G>A	FAN1	chr15	31206295	A	d3faa643-43d6-4d34-8ccd-866afe0e4666	TCGA_UCEC_147	"NA"	"NA"	"NA"
NM_024675.3:c.599del	PALB2	chr16	23647268	-	24df9085-d785-49d1-8ef4-11d7ee04f677	TCGA_UCEC_430	"NA"	"NA"	"NA"
NM_032043.2:c.3196del	BRIP1	chr17	59761211	-	861be91b-a756-4ff0-bdda-edee07afad7b	TCGA_UCEC_389	"NA"	"NA"	"NA"
NM_032043.2:c.3208del	BRIP1	chr17	59761199	-	766abfdb-6fcc-4650-9805-66f8006ad479	TCGA_UCEC_173	ENST00000320574 c.1270C>A p.Leu424Ile 41%; ENST00000320574 c.857C>G p.Pro286Arg 78%	"NA"	MSH2 ENST00000233146 c.294T>A p.Tyr98* 31%; MSH6 ENST00000234420 c.1139A>C p.Asp380Ala 54%; MLH1 ENST00000231790 c.111G>T p.Glu37Asp 39%
NM_058216.2:c.1026+5_1026+7del	RAD51C	chr17	56809909	-	0ddb51ea-21e4-4977-b151-aa6a148ad1fc	TCGA_UCEC_287	"NA"	"NA"	"NA"
NM_058216.2:c.397C>T	RAD51C	chr17	56772543	T	44404450-cc28-45de-b297-52377f8b88ee	TCGA_UCEC_053	"NA"	"NA"	"NA"
NM_058216.2:c.965+5G>A	RAD51C	chr17	56801466	A	f11f0b5e-0e7a-4766-bbb4-f832af2871bd	TCGA_UCEC_061	"NA"	"NA"	"NA"
